{
	"partitions" : [
		{
			"name" : "Top",
			"pins" : [
				{
					"name" : "cct_output[1]",
					"strict" : false
				},
				{
					"name" : "cct_output[2]",
					"strict" : false
				},
				{
					"name" : "cct_output[3]",
					"strict" : false
				},
				{
					"name" : "cct_output[4]",
					"strict" : false
				},
				{
					"name" : "cct_output[5]",
					"strict" : false
				},
				{
					"name" : "cct_output[6]",
					"strict" : false
				},
				{
					"name" : "cct_output[7]",
					"strict" : false
				},
				{
					"name" : "clk",
					"strict" : false
				},
				{
					"name" : "clear",
					"strict" : false
				}
			]
		}
	]
}