{
	"partitions" : [
		{
			"name" : "Top",
			"pins" : [
				{
					"name" : "pm_data[0]",
					"strict" : false
				},
				{
					"name" : "pm_data[1]",
					"strict" : false
				},
				{
					"name" : "pm_data[2]",
					"strict" : false
				},
				{
					"name" : "pm_data[3]",
					"strict" : false
				},
				{
					"name" : "pm_data[4]",
					"strict" : false
				},
				{
					"name" : "pm_data[5]",
					"strict" : false
				},
				{
					"name" : "pm_data[6]",
					"strict" : false
				},
				{
					"name" : "pm_data[7]",
					"strict" : false
				},
				{
					"name" : "pc[0]",
					"strict" : false
				},
				{
					"name" : "pc[1]",
					"strict" : false
				},
				{
					"name" : "pc[2]",
					"strict" : false
				},
				{
					"name" : "pc[3]",
					"strict" : false
				},
				{
					"name" : "pc[4]",
					"strict" : false
				},
				{
					"name" : "pc[5]",
					"strict" : false
				},
				{
					"name" : "pc[6]",
					"strict" : false
				},
				{
					"name" : "pc[7]",
					"strict" : false
				},
				{
					"name" : "pm_address[0]",
					"strict" : false
				},
				{
					"name" : "pm_address[1]",
					"strict" : false
				},
				{
					"name" : "pm_address[2]",
					"strict" : false
				},
				{
					"name" : "pm_address[3]",
					"strict" : false
				},
				{
					"name" : "pm_address[4]",
					"strict" : false
				},
				{
					"name" : "pm_address[5]",
					"strict" : false
				},
				{
					"name" : "pm_address[6]",
					"strict" : false
				},
				{
					"name" : "pm_address[7]",
					"strict" : false
				},
				{
					"name" : "reg_enables[1]",
					"strict" : false
				},
				{
					"name" : "reg_enables[2]",
					"strict" : false
				},
				{
					"name" : "reg_enables[3]",
					"strict" : false
				},
				{
					"name" : "reg_enables[4]",
					"strict" : false
				},
				{
					"name" : "reg_enables[5]",
					"strict" : false
				},
				{
					"name" : "reg_enables[6]",
					"strict" : false
				},
				{
					"name" : "reg_enables[7]",
					"strict" : false
				},
				{
					"name" : "reg_enables[8]",
					"strict" : false
				},
				{
					"name" : "NOPC8",
					"strict" : false
				},
				{
					"name" : "NOPCF",
					"strict" : false
				},
				{
					"name" : "NOPD8",
					"strict" : false
				},
				{
					"name" : "NOPDF",
					"strict" : false
				},
				{
					"name" : "source_select[1]",
					"strict" : false
				},
				{
					"name" : "clk",
					"strict" : false
				},
				{
					"name" : "reset",
					"strict" : false
				}
			]
		}
	]
}